review_id,split,text_group_sha256
1,train,c0a084a462bc7091b5e5ae1dcc0f9979e3745f6c315ce5f663667309681025a2
2,test,fc0c61397ab1818001f4d5a30e7b398004916af21dc1a4e561ffde2caa4c8d7e
3,test,d575ce8dc14d6d10dcc933d992cb485659b8ccdf1173b51cc8df81b96fadd7a0
4,train,fb9da78402385ef49345cb9ca38fbb942933f622dcc0f5b90601814a56c0aa10
5,test,d575ce8dc14d6d10dcc933d992cb485659b8ccdf1173b51cc8df81b96fadd7a0
6,train,d7799fbdfd1ae1384638efd361e3f8585fafc323ead842208240732bb7a5071a
7,train,aa1ea47d9ffc1cdbdb29d6fad3a3c9008aa9483201898ef953981b44f165ed2d
8,train,a34c51333ccae0bc25a3f153195281c7e1138aac996b6fe06ee522068506ce2e
9,train,9be3bb4192c1af739495340a4894d31cb7a77e8e471ae73c226be312a4ffa7de
10,train,9be3bb4192c1af739495340a4894d31cb7a77e8e471ae73c226be312a4ffa7de
11,train,9be3bb4192c1af739495340a4894d31cb7a77e8e471ae73c226be312a4ffa7de
12,train,9be3bb4192c1af739495340a4894d31cb7a77e8e471ae73c226be312a4ffa7de
13,train,ec475d0ce577175fa71911a6d8ca2af25d1d4415cdd4f950b67436a28ecac866
14,train,a6f3094c1b8605e03a33b1cda83321f87073c1319a00d1ec021efe41cd3728a4
15,train,5579646763a3014f8802dade78e1b39e9e124990a9c6ea35b19c4007875931f5
16,test,a842d27a7fd817bec5094b28217d9560948069cd700dd65c4ce5e4d95338f996
17,test,a842d27a7fd817bec5094b28217d9560948069cd700dd65c4ce5e4d95338f996
18,test,fc0c61397ab1818001f4d5a30e7b398004916af21dc1a4e561ffde2caa4c8d7e
19,train,f5a9875cb615bf5003beb67141f192c473dd3bee0f64dc11122ed63308a72282
20,train,14bbddea062c9cfccb32e1517464e6a8a4108d5400b73bc0641db431524b7612
21,train,6931bf8b5e74ae26f2e1dde98b5c2fdf70ba9c44bf959d59a4205f0eeffeae96
22,train,a02747703ffeefb8b85a792987e1735b0cc061a49613c33d1e5113af06138cc3
23,train,36d711f5a677f41f114d06dbfb9ed5d52e8d6feedeab881bd97596fe11ea7575
24,test,b1711411e73b3589c4abcb083b1f286e508e1d7674e10fd65824d28c8fc62d9b
25,train,83782fc341cd7c823fa09d7b07bd13b33cbe2800dba9de948916c703196914a9
26,test,a842d27a7fd817bec5094b28217d9560948069cd700dd65c4ce5e4d95338f996
27,train,7a8ad54883ce0b5bff9ea670d5293a0941c2bcaf0c02c715dfc279aa03b6f51e
28,train,6defec87a41635b974596a592227a828623b9d41dc07adf4ff75242c92dc8789
29,train,c0a084a462bc7091b5e5ae1dcc0f9979e3745f6c315ce5f663667309681025a2
30,train,aa1ea47d9ffc1cdbdb29d6fad3a3c9008aa9483201898ef953981b44f165ed2d
31,test,dd6a89671e84f86f2bd99840cc751c6c536226bf4fdf3774908eaa93aebf3537
32,train,f5a9875cb615bf5003beb67141f192c473dd3bee0f64dc11122ed63308a72282
33,train,2615c620afc24d8f2f74a5f065de2a402c67f854ce3f951bf236f07fc20c4ac7
34,train,2615c620afc24d8f2f74a5f065de2a402c67f854ce3f951bf236f07fc20c4ac7
35,train,5579646763a3014f8802dade78e1b39e9e124990a9c6ea35b19c4007875931f5
36,test,b1711411e73b3589c4abcb083b1f286e508e1d7674e10fd65824d28c8fc62d9b
37,test,2501c338122a2e17778ff5db77c8b463561d15ff8eab8c2f755ef73138d6ec88
38,train,fb9da78402385ef49345cb9ca38fbb942933f622dcc0f5b90601814a56c0aa10
39,train,2615c620afc24d8f2f74a5f065de2a402c67f854ce3f951bf236f07fc20c4ac7
40,train,b41d44204c99eef99b6a5814699104994d83fe3c8a2df48f7b804d4c1fe02db3
41,train,a309613d9be6a550ae4f41b4bb10727620dc7584acceca3378b737f1fc616cca
42,train,cbce5ab9ef4a0b7bb1a9444d6c1ff87ecd7511bfda8e9b28727cc07a60965d70
43,test,dd6a89671e84f86f2bd99840cc751c6c536226bf4fdf3774908eaa93aebf3537
44,train,6e0c6bb1a6682743f27b7d207a9ae082ff000b9a2ae0de55ceb0f12b02ebf3a1
45,train,83aceee8317cf535f7ba6c16c08302da12f7a55d4d6623e13ef9b667c8800fa4
46,test,a842d27a7fd817bec5094b28217d9560948069cd700dd65c4ce5e4d95338f996
47,train,d7799fbdfd1ae1384638efd361e3f8585fafc323ead842208240732bb7a5071a
48,train,aa1ea47d9ffc1cdbdb29d6fad3a3c9008aa9483201898ef953981b44f165ed2d
49,train,36d711f5a677f41f114d06dbfb9ed5d52e8d6feedeab881bd97596fe11ea7575
50,test,b1711411e73b3589c4abcb083b1f286e508e1d7674e10fd65824d28c8fc62d9b
51,train,115a6e4bd085a46d50feee387c868dcd2a71ef6ae2bc7653aa1ee1fd6c5fe56d
52,train,6defec87a41635b974596a592227a828623b9d41dc07adf4ff75242c92dc8789
53,train,9be3bb4192c1af739495340a4894d31cb7a77e8e471ae73c226be312a4ffa7de
54,train,d7799fbdfd1ae1384638efd361e3f8585fafc323ead842208240732bb7a5071a
55,train,a309613d9be6a550ae4f41b4bb10727620dc7584acceca3378b737f1fc616cca
56,train,d58e2c961210fe593e8abfad136fa2b96cfbb175bbe74a066d30eb0ca8b0d15f
57,train,d7799fbdfd1ae1384638efd361e3f8585fafc323ead842208240732bb7a5071a
58,test,2501c338122a2e17778ff5db77c8b463561d15ff8eab8c2f755ef73138d6ec88
59,train,83782fc341cd7c823fa09d7b07bd13b33cbe2800dba9de948916c703196914a9
60,train,7a8ad54883ce0b5bff9ea670d5293a0941c2bcaf0c02c715dfc279aa03b6f51e
61,train,6defec87a41635b974596a592227a828623b9d41dc07adf4ff75242c92dc8789
62,train,83782fc341cd7c823fa09d7b07bd13b33cbe2800dba9de948916c703196914a9
63,test,a842d27a7fd817bec5094b28217d9560948069cd700dd65c4ce5e4d95338f996
64,train,2615c620afc24d8f2f74a5f065de2a402c67f854ce3f951bf236f07fc20c4ac7
65,train,fb9da78402385ef49345cb9ca38fbb942933f622dcc0f5b90601814a56c0aa10
66,test,299759b512a5bf2e957044eae1460e5766f34b336f3289575298375b48123ea6
67,train,36d711f5a677f41f114d06dbfb9ed5d52e8d6feedeab881bd97596fe11ea7575
68,train,ef1c9d58b786dedbb0d528e2e2813e468fbb0ef36d5e55d62131195ffc0429bf
69,train,a02747703ffeefb8b85a792987e1735b0cc061a49613c33d1e5113af06138cc3
70,train,7a8ad54883ce0b5bff9ea670d5293a0941c2bcaf0c02c715dfc279aa03b6f51e
71,test,299759b512a5bf2e957044eae1460e5766f34b336f3289575298375b48123ea6
72,train,6e0c6bb1a6682743f27b7d207a9ae082ff000b9a2ae0de55ceb0f12b02ebf3a1
73,train,cbce5ab9ef4a0b7bb1a9444d6c1ff87ecd7511bfda8e9b28727cc07a60965d70
74,train,6e0c6bb1a6682743f27b7d207a9ae082ff000b9a2ae0de55ceb0f12b02ebf3a1
75,train,183d491b73744e7e5d792b39934f76cd900b0bfdc1f89eda5803a065823c7b99
76,train,83aceee8317cf535f7ba6c16c08302da12f7a55d4d6623e13ef9b667c8800fa4
77,test,a842d27a7fd817bec5094b28217d9560948069cd700dd65c4ce5e4d95338f996
78,test,dd6a89671e84f86f2bd99840cc751c6c536226bf4fdf3774908eaa93aebf3537
79,train,f5a9875cb615bf5003beb67141f192c473dd3bee0f64dc11122ed63308a72282
80,train,9be3bb4192c1af739495340a4894d31cb7a77e8e471ae73c226be312a4ffa7de
81,train,6931bf8b5e74ae26f2e1dde98b5c2fdf70ba9c44bf959d59a4205f0eeffeae96
82,test,dd6a89671e84f86f2bd99840cc751c6c536226bf4fdf3774908eaa93aebf3537
83,train,cbce5ab9ef4a0b7bb1a9444d6c1ff87ecd7511bfda8e9b28727cc07a60965d70
84,train,36d711f5a677f41f114d06dbfb9ed5d52e8d6feedeab881bd97596fe11ea7575
85,test,b1711411e73b3589c4abcb083b1f286e508e1d7674e10fd65824d28c8fc62d9b
86,test,2501c338122a2e17778ff5db77c8b463561d15ff8eab8c2f755ef73138d6ec88
87,train,a02747703ffeefb8b85a792987e1735b0cc061a49613c33d1e5113af06138cc3
88,train,6931bf8b5e74ae26f2e1dde98b5c2fdf70ba9c44bf959d59a4205f0eeffeae96
89,test,5920d13763c2dcd6f6e9009a54b46abd192540e17ba59682dda4c93720a68bcc
90,train,cbce5ab9ef4a0b7bb1a9444d6c1ff87ecd7511bfda8e9b28727cc07a60965d70
91,train,2615c620afc24d8f2f74a5f065de2a402c67f854ce3f951bf236f07fc20c4ac7
92,train,2615c620afc24d8f2f74a5f065de2a402c67f854ce3f951bf236f07fc20c4ac7
93,train,a309613d9be6a550ae4f41b4bb10727620dc7584acceca3378b737f1fc616cca
94,train,a309613d9be6a550ae4f41b4bb10727620dc7584acceca3378b737f1fc616cca
95,train,83782fc341cd7c823fa09d7b07bd13b33cbe2800dba9de948916c703196914a9
96,train,83aceee8317cf535f7ba6c16c08302da12f7a55d4d6623e13ef9b667c8800fa4
97,train,7a8ad54883ce0b5bff9ea670d5293a0941c2bcaf0c02c715dfc279aa03b6f51e
98,train,f5a9875cb615bf5003beb67141f192c473dd3bee0f64dc11122ed63308a72282
99,test,2501c338122a2e17778ff5db77c8b463561d15ff8eab8c2f755ef73138d6ec88
100,train,c01292f69cdf306d057335affb53933081a9fd2987b4b525051b54ad256079a6
101,train,183d491b73744e7e5d792b39934f76cd900b0bfdc1f89eda5803a065823c7b99
102,train,c0a084a462bc7091b5e5ae1dcc0f9979e3745f6c315ce5f663667309681025a2
103,train,a309613d9be6a550ae4f41b4bb10727620dc7584acceca3378b737f1fc616cca
104,train,9be3bb4192c1af739495340a4894d31cb7a77e8e471ae73c226be312a4ffa7de
105,train,115a6e4bd085a46d50feee387c868dcd2a71ef6ae2bc7653aa1ee1fd6c5fe56d
106,test,d575ce8dc14d6d10dcc933d992cb485659b8ccdf1173b51cc8df81b96fadd7a0
107,train,115a6e4bd085a46d50feee387c868dcd2a71ef6ae2bc7653aa1ee1fd6c5fe56d
108,train,115a6e4bd085a46d50feee387c868dcd2a71ef6ae2bc7653aa1ee1fd6c5fe56d
109,train,b41d44204c99eef99b6a5814699104994d83fe3c8a2df48f7b804d4c1fe02db3
110,train,83aceee8317cf535f7ba6c16c08302da12f7a55d4d6623e13ef9b667c8800fa4
111,train,2615c620afc24d8f2f74a5f065de2a402c67f854ce3f951bf236f07fc20c4ac7
112,train,6931bf8b5e74ae26f2e1dde98b5c2fdf70ba9c44bf959d59a4205f0eeffeae96
113,test,a842d27a7fd817bec5094b28217d9560948069cd700dd65c4ce5e4d95338f996
114,train,d7799fbdfd1ae1384638efd361e3f8585fafc323ead842208240732bb7a5071a
115,test,299759b512a5bf2e957044eae1460e5766f34b336f3289575298375b48123ea6
116,train,6e0c6bb1a6682743f27b7d207a9ae082ff000b9a2ae0de55ceb0f12b02ebf3a1
117,test,5920d13763c2dcd6f6e9009a54b46abd192540e17ba59682dda4c93720a68bcc
118,train,183d491b73744e7e5d792b39934f76cd900b0bfdc1f89eda5803a065823c7b99
119,train,9b9a0c893babd1d7508b34c6b3e9839ae2837dd57e874bb60b9e4360e92e81bb
120,train,ec475d0ce577175fa71911a6d8ca2af25d1d4415cdd4f950b67436a28ecac866
121,train,b41d44204c99eef99b6a5814699104994d83fe3c8a2df48f7b804d4c1fe02db3
122,train,c0a084a462bc7091b5e5ae1dcc0f9979e3745f6c315ce5f663667309681025a2
123,train,6defec87a41635b974596a592227a828623b9d41dc07adf4ff75242c92dc8789
124,test,fc0c61397ab1818001f4d5a30e7b398004916af21dc1a4e561ffde2caa4c8d7e
125,train,d7799fbdfd1ae1384638efd361e3f8585fafc323ead842208240732bb7a5071a
126,train,6defec87a41635b974596a592227a828623b9d41dc07adf4ff75242c92dc8789
127,test,dd6a89671e84f86f2bd99840cc751c6c536226bf4fdf3774908eaa93aebf3537
128,train,5579646763a3014f8802dade78e1b39e9e124990a9c6ea35b19c4007875931f5
129,train,7a8ad54883ce0b5bff9ea670d5293a0941c2bcaf0c02c715dfc279aa03b6f51e
130,train,f5a9875cb615bf5003beb67141f192c473dd3bee0f64dc11122ed63308a72282
131,test,d575ce8dc14d6d10dcc933d992cb485659b8ccdf1173b51cc8df81b96fadd7a0
132,train,aa1ea47d9ffc1cdbdb29d6fad3a3c9008aa9483201898ef953981b44f165ed2d
133,train,b41d44204c99eef99b6a5814699104994d83fe3c8a2df48f7b804d4c1fe02db3
134,train,36df359e7d8f3cacd5fcd5fd4e57cc29f16c3f563013fb162ef901a2ae972bce
135,test,fc0c61397ab1818001f4d5a30e7b398004916af21dc1a4e561ffde2caa4c8d7e
136,train,f5a9875cb615bf5003beb67141f192c473dd3bee0f64dc11122ed63308a72282
137,train,83782fc341cd7c823fa09d7b07bd13b33cbe2800dba9de948916c703196914a9
138,train,36d711f5a677f41f114d06dbfb9ed5d52e8d6feedeab881bd97596fe11ea7575
139,test,b1711411e73b3589c4abcb083b1f286e508e1d7674e10fd65824d28c8fc62d9b
140,train,c01292f69cdf306d057335affb53933081a9fd2987b4b525051b54ad256079a6
141,train,d58e2c961210fe593e8abfad136fa2b96cfbb175bbe74a066d30eb0ca8b0d15f
142,train,83aceee8317cf535f7ba6c16c08302da12f7a55d4d6623e13ef9b667c8800fa4
143,train,9be3bb4192c1af739495340a4894d31cb7a77e8e471ae73c226be312a4ffa7de
144,train,b41d44204c99eef99b6a5814699104994d83fe3c8a2df48f7b804d4c1fe02db3
145,train,d7799fbdfd1ae1384638efd361e3f8585fafc323ead842208240732bb7a5071a
146,train,fb9da78402385ef49345cb9ca38fbb942933f622dcc0f5b90601814a56c0aa10
147,train,9be3bb4192c1af739495340a4894d31cb7a77e8e471ae73c226be312a4ffa7de
148,train,d58e2c961210fe593e8abfad136fa2b96cfbb175bbe74a066d30eb0ca8b0d15f
149,train,cbce5ab9ef4a0b7bb1a9444d6c1ff87ecd7511bfda8e9b28727cc07a60965d70
150,train,a34c51333ccae0bc25a3f153195281c7e1138aac996b6fe06ee522068506ce2e
151,train,aa1ea47d9ffc1cdbdb29d6fad3a3c9008aa9483201898ef953981b44f165ed2d
152,train,6931bf8b5e74ae26f2e1dde98b5c2fdf70ba9c44bf959d59a4205f0eeffeae96
153,train,83aceee8317cf535f7ba6c16c08302da12f7a55d4d6623e13ef9b667c8800fa4
154,train,b41d44204c99eef99b6a5814699104994d83fe3c8a2df48f7b804d4c1fe02db3
155,train,fb9da78402385ef49345cb9ca38fbb942933f622dcc0f5b90601814a56c0aa10
156,test,dd6a89671e84f86f2bd99840cc751c6c536226bf4fdf3774908eaa93aebf3537
157,train,b41d44204c99eef99b6a5814699104994d83fe3c8a2df48f7b804d4c1fe02db3
158,train,183d491b73744e7e5d792b39934f76cd900b0bfdc1f89eda5803a065823c7b99
159,train,36df359e7d8f3cacd5fcd5fd4e57cc29f16c3f563013fb162ef901a2ae972bce
160,train,9be3bb4192c1af739495340a4894d31cb7a77e8e471ae73c226be312a4ffa7de
161,train,9b9a0c893babd1d7508b34c6b3e9839ae2837dd57e874bb60b9e4360e92e81bb
162,train,a309613d9be6a550ae4f41b4bb10727620dc7584acceca3378b737f1fc616cca
163,test,2501c338122a2e17778ff5db77c8b463561d15ff8eab8c2f755ef73138d6ec88
164,test,2501c338122a2e17778ff5db77c8b463561d15ff8eab8c2f755ef73138d6ec88
165,train,b41d44204c99eef99b6a5814699104994d83fe3c8a2df48f7b804d4c1fe02db3
166,train,14bbddea062c9cfccb32e1517464e6a8a4108d5400b73bc0641db431524b7612
167,train,6e0c6bb1a6682743f27b7d207a9ae082ff000b9a2ae0de55ceb0f12b02ebf3a1
168,train,f9e81fff4eb4c9267814a3f8fc64e726aaeca2150df78f0a78313886342fb164
169,train,9be3bb4192c1af739495340a4894d31cb7a77e8e471ae73c226be312a4ffa7de
170,train,36d711f5a677f41f114d06dbfb9ed5d52e8d6feedeab881bd97596fe11ea7575
171,train,6931bf8b5e74ae26f2e1dde98b5c2fdf70ba9c44bf959d59a4205f0eeffeae96
172,train,36df359e7d8f3cacd5fcd5fd4e57cc29f16c3f563013fb162ef901a2ae972bce
173,test,b1711411e73b3589c4abcb083b1f286e508e1d7674e10fd65824d28c8fc62d9b
174,train,ef1c9d58b786dedbb0d528e2e2813e468fbb0ef36d5e55d62131195ffc0429bf
175,train,5579646763a3014f8802dade78e1b39e9e124990a9c6ea35b19c4007875931f5
176,train,6defec87a41635b974596a592227a828623b9d41dc07adf4ff75242c92dc8789
177,train,9be3bb4192c1af739495340a4894d31cb7a77e8e471ae73c226be312a4ffa7de
178,train,c01292f69cdf306d057335affb53933081a9fd2987b4b525051b54ad256079a6
179,train,6e0c6bb1a6682743f27b7d207a9ae082ff000b9a2ae0de55ceb0f12b02ebf3a1
180,train,5579646763a3014f8802dade78e1b39e9e124990a9c6ea35b19c4007875931f5
181,train,eadab49f8f8d393b5d6b48cb6126ecdc99a7e6777e6e501dfa7a59cb847be360
182,train,f5a9875cb615bf5003beb67141f192c473dd3bee0f64dc11122ed63308a72282
183,train,6931bf8b5e74ae26f2e1dde98b5c2fdf70ba9c44bf959d59a4205f0eeffeae96
184,test,b1711411e73b3589c4abcb083b1f286e508e1d7674e10fd65824d28c8fc62d9b
185,train,eadab49f8f8d393b5d6b48cb6126ecdc99a7e6777e6e501dfa7a59cb847be360
186,train,a34c51333ccae0bc25a3f153195281c7e1138aac996b6fe06ee522068506ce2e
187,train,7a8ad54883ce0b5bff9ea670d5293a0941c2bcaf0c02c715dfc279aa03b6f51e
188,train,a02747703ffeefb8b85a792987e1735b0cc061a49613c33d1e5113af06138cc3
189,test,2501c338122a2e17778ff5db77c8b463561d15ff8eab8c2f755ef73138d6ec88
190,train,5579646763a3014f8802dade78e1b39e9e124990a9c6ea35b19c4007875931f5
191,test,2501c338122a2e17778ff5db77c8b463561d15ff8eab8c2f755ef73138d6ec88
192,train,c0a084a462bc7091b5e5ae1dcc0f9979e3745f6c315ce5f663667309681025a2
193,train,36df359e7d8f3cacd5fcd5fd4e57cc29f16c3f563013fb162ef901a2ae972bce
194,train,a309613d9be6a550ae4f41b4bb10727620dc7584acceca3378b737f1fc616cca
195,train,115a6e4bd085a46d50feee387c868dcd2a71ef6ae2bc7653aa1ee1fd6c5fe56d
196,train,83782fc341cd7c823fa09d7b07bd13b33cbe2800dba9de948916c703196914a9
197,test,a842d27a7fd817bec5094b28217d9560948069cd700dd65c4ce5e4d95338f996
198,train,b41d44204c99eef99b6a5814699104994d83fe3c8a2df48f7b804d4c1fe02db3
199,train,2615c620afc24d8f2f74a5f065de2a402c67f854ce3f951bf236f07fc20c4ac7
200,train,d58e2c961210fe593e8abfad136fa2b96cfbb175bbe74a066d30eb0ca8b0d15f
